<?xml version="1.0" encoding="UTF-8" standalone="yes"?>
<ead xsi:schemaLocation="urn:isbn:1-931666-22-9 http://www.loc.gov/ead/ead.xsd" xmlns:ns2="http://www.w3.org/1999/xlink" xmlns="urn:isbn:1-931666-22-9" xmlns:xsi="http://www.w3.org/2001/XMLSchema-instance">
    <eadheader findaidstatus="unverified-full-draft" repositoryencoding="iso15511" countryencoding="iso3166-1" dateencoding="iso8601" langencoding="iso639-2b">
        <eadid countrycode="US" mainagencycode="US-CSt">sc0125.xml</eadid>
        <filedesc>
            <titlestmt>
                <titleproper>Guide to the Architecture of Stanford University, 
                    <date calendar="gregorian" era="ce">1886-1937</date>
                    <num>SC.0125</num>
                </titleproper>
                <author>Finding aid prepared by Processed by Special Collections staff; machine-readable finding aid created by Patricia White</author>
            </titlestmt>
            <publicationstmt>
                <publisher>Department of Special Collections and University Archives</publisher>
                <address>
                    <addressline>Stanford University Libraries</addressline>
                    <addressline>557 Escondido Mall</addressline>
                    <addressline>Stanford, California, 94305-6064</addressline>
                    <addressline>Repository email: speccollref@stanford.edu</addressline>
                </address>
                <date>© 1997</date>
            </publicationstmt>
        </filedesc>
        <profiledesc>
            <creation>This finding aid was produced using the Archivists' Toolkit
                <date>2009-04-28T13:55-0700</date>
            </creation>
            <langusage>Finding aid is written in 
                <language>English.</language></langusage>
        </profiledesc>
    </eadheader>
    <archdesc level="collection">
        <did>
            <unittitle>Architecture of Stanford University,</unittitle>
            <unitid>SC.0125</unitid>
            <repository>
                <corpname>Department of Special Collections and University Archives</corpname>
            </repository>
            <langmaterial>
                <language langcode="eng"/>
            </langmaterial>
            <physdesc>
                <extent>0.5 Linear feet</extent>
            </physdesc>
            <unitdate normal="1886/1937" type="inclusive">1886-1937</unitdate>
        </did>
        <scopecontent id="ref10">
            <head>SCOPE AND CONTENT</head>
            <p>This collection consists primarily of original correspondence concerning the early stages of planning, construction and landscaping of Stanford University, 1886-1906. The construction of Memorial Church, the Library (1906), the Gymnasium (1906), the Museum, and parts of the Quadrangle are featured. Major correspondents include Leland Stanford; Frederick Law Olmsted and J. C. Olmsted, landscape architects; John McMillan, supervising engineer at the Stanford construction site; Charles Lathrop, Business Manager, Stanford University; Charles Edward Hodges, draughtsman and later resident architect; Thomas H. Douglas, nurseryman; Henry S. Codman, Olmsted partner; Joseph Lamb, manufacturer of stained glass windows; and Shepley, Rutan and Coolidge, architectural firm. The collection also contains some photocopies of Olmsted correspondence.</p>
        </scopecontent>
        <prefercite id="ref8">
            <head>Preferred Citation:</head>
            <p>[Identification of item], Architecture of Stanford University, SC 125, Stanford University Archives, Stanford, Calif.</p>
        </prefercite>
        <custodhist id="ref6">
            <head>Provenance:</head>
            <p>This collection contains material acquired from a variety of sources. The Olmsted-McMillan correspndence came to the Archives sometime before 1965, source unknown. The letters from the Olmsted firm to Emory Smith and the copies of Frederick Law Olmsted's letters provided by the Olmsted firm form another group of records, which seem to have come to the Stanford Collection (precursor of the University Archives) through Orrin Leslie Elliott, first University "historian." The Charles Edward Hodges, Joseph Lamb, and Charles Lathrop letters were included in a group of materials purchased in 1972 from Frank Spingola of San Francisco (with funds provided by Mr. David Canfield, Santa Fe). In 1976, photocopies of correspondence in the Frederick L. Olmsted papers and the Olmsted Associates papers, both in the Library of Congress, were ordered and received to expedite research for the "Founders and Architects" exhibit.</p>
        </custodhist>
        <userestrict id="ref4">
            <head>Publication Rights:</head>
            <p>Property rights reside with the repository. Literary rights reside with the creators of the documents or their heirs. To obtain permission to publish or reproduce, please contact the Public Services Librarian of the Dept. of Special Collections and University Archives.</p>
        </userestrict>
        <accessrestrict id="ref2">
            <head>Access Restrictions:</head>
            <p>None.</p>
        </accessrestrict>
        <controlaccess>
            <persname source="ingest">McMillan, John G</persname>
            <corpname source="ingest">Olmsted Brothers</corpname>
            <persname source="ingest">Olmsted, Frederick Law</persname>
            <corpname source="lcnaf">Stanford University.</corpname>
            <corpname source="ingest">Shepley, Rutan and Coolidge.</corpname>
            <persname source="ingest">Douglas, Thomas H.</persname>
            <persname source="ingest">Hodges, Charles Edward.</persname>
            <persname source="lcnaf">Stanford, Leland, 1824-1893</persname>
            <persname source="ingest">Lamb, Joseph.</persname>
            <persname source="ingest">Lathrop, Charles G. (Charles Gardner), 1849-1914.</persname>
        </controlaccess>
        <dsc>
            <c id="ref11" level="otherlevel">
                <did>
                    <unittitle>Correspondence,</unittitle>
                    <container type="Box">1</container>
                    <container type="Folder">1</container>
                    <unitdate>1886-1888</unitdate>
                </did>
                <scopecontent id="ref13">
                    <head>Scope and Contents note</head>
                    <p>Major correspondents include Frederick Law Olmsted; J. C. Olmsted; J. G. McMillan; Ariel Lathrop; Francis Walker; and J. MacLaren. Corresondence in this folder is primarily concerned with the development of the campus plan, and the begining stages of construction of the university. Included are many letters from Olmsted to Leland Stanford and Mr. J. G. McMillan (supervising engineer). There are also numerous communications to Mr. McMillan from the Lathrop brothers, who served as Leland Stanford's representatives on the site.</p>
                </scopecontent>
            </c>
            <c id="ref14" level="otherlevel">
                <did>
                    <unittitle>Correspondence,</unittitle>
                    <container type="Box">1</container>
                    <container type="Folder">2</container>
                    <unitdate>1889 Jan. -Aug.</unitdate>
                </did>
                <scopecontent id="ref16">
                    <head>Scope and Contents note</head>
                    <p>Major correspondents include Frederick Law Olmsted, J. C. Olmsted, J. G. McMillan, and Thomas H. Douglas. The contents of this folder deal primarily with the construction and landscaping of the campus. Correspondence is primarily between the Olmsteds, Leland Stanford, and J. G. McMillan.</p>
                </scopecontent>
            </c>
            <c id="ref17" level="otherlevel">
                <did>
                    <unittitle>Correspondence,</unittitle>
                    <container type="Box">1</container>
                    <container type="Folder">3</container>
                    <unitdate>1889 Sept. -1892</unitdate>
                </did>
                <scopecontent id="ref19">
                    <head>Scope and Contents note</head>
                    <p>Major correspondents include Frederick Law Olmsted and J. C. Olmsted; Henry S. Codman; Ariel Lathrop; Thos. H. Douglas; and Charles Edward Hodges. Contents of this folder deal with the visit of Henry S. Codman (an Olmsted partner) to the Palo Alto site; disputes between Olmsted and Ariel Lathrop; the dismissal of Mr. McMillan; and Olmsted's withdrawal from the Stanford University project. Included is Olmsted's letter to David Starr Jordan introducing the firm, May 6, 1891.</p>
                </scopecontent>
            </c>
            <c id="ref20" level="otherlevel">
                <did>
                    <unittitle>Correspondence,</unittitle>
                    <container type="Box">1</container>
                    <container type="Folder">4</container>
                    <unitdate>1898-1902</unitdate>
                </did>
                <scopecontent id="ref22">
                    <head>Scope and Contents note</head>
                    <p>Major correspondents include Charles Edward Hodges, Charles Lathrop, and Joseph Lamb. Contents include corespondence between Charles Edward Hodges, Jane Stanford, and Charles Lathrop regarding construction of the Museum additions, Memorial Church, parts of the quadrangle, the gymnasium and the library. There is also corresondence between university officials and Joseph Lamb, manufacturer of stained glass windows.</p>
                </scopecontent>
            </c>
            <c id="ref23" level="otherlevel">
                <did>
                    <unittitle>Correspondence,</unittitle>
                    <container type="Box">1</container>
                    <container type="Folder">5</container>
                    <unitdate>1904-1937</unitdate>
                </did>
                <scopecontent id="ref25">
                    <head>Scope and Contents note</head>
                    <p>Major correspondents include Joseph Lamb, Charles Lathrop, firm of Shepley, Rutan, and Coolidge, and the Olmsted Brothers firm. Contents include correspondence regarding construction of the library (destroyed in the 1906 earthquake); copy of letter (1910) from Shepley, Rutan, and Coolidge to J. C. Branner stating their role in construction of the university; copy of letter (1914) from firm of Olmsted Brothers to the Stanford Board of Trustees with their recommendations regarding campus landscaping; copies of letters (1930s) from the Olmsted Brothers to Emory Smith regarding F. L. Olmsted's role in the construction of the university; and Charles Coolidge's reminiscences (1937).</p>
                </scopecontent>
            </c>
            <c id="ref26" level="otherlevel">
                <did>
                    <unittitle>Unidentified material,</unittitle>
                    <container type="Box">1</container>
                    <container type="Folder">6</container>
                    <unitdate>n.d.</unitdate>
                </did>
                <scopecontent id="ref28">
                    <head>Scope and Contents note</head>
                    <p>"Notes explanatory of the leading motives of the plan," 2p., typescript copy, n.a.</p>
                </scopecontent>
            </c>
            <c id="ref29" level="otherlevel">
                <did>
                    <unittitle>Miscellaneous material</unittitle>
                    <container type="Box">1</container>
                    <container type="Folder">7</container>
                </did>
                <scopecontent id="ref31">
                    <head>Scope and Contents note</head>
                    <p>Clippings regarding F. L. Olmsted; Register of the Frederick Law Olmsted Papers in the Library of Congress; and photocopies of bills for tile roofs of some of the original buildings.</p>
                </scopecontent>
            </c>
            <c id="ref32" level="otherlevel">
                <did>
                    <unittitle>Olmsted Correspondence, Library of Congress</unittitle>
                    <container type="Box">2</container>
                </did>
                <scopecontent id="ref34">
                    <head>Scope and Contents note</head>
                    <p>Photocopies of papers relating to Stanford University in the F. L. Olmsted Papers (box 46, folder on Stanford University, 88p.) and the Papers of Olmsted Associates (Lab File 1032, box 74b, 355 p.).</p>
                </scopecontent>
            </c>
        </dsc>
    </archdesc>
</ead>
